pair_id,setting,query,retrieved,retrieved_genre,relevance,notes
1,Exp1 entire corpus,Depp to star in spy poisoning film,"Star Trek was kind of terrific once , but now it is a copy of a copy of a copy .",moviereview,,
2,Exp1 entire corpus,Depp to star in spy poisoning film,A well-executed spy-thriller .,moviereview,,
3,Exp1 entire corpus,Depp to star in spy poisoning film,It 's never a good sign when a film 's star spends the entirety of the film in a coma .,moviereview,,
4,Exp1 entire corpus,Depp to star in spy poisoning film,"-LRB- Grant 's -RRB- bumbling magic takes over the film , and it turns out to be another winning star vehicle .",moviereview,,
5,Exp1 entire corpus,Depp to star in spy poisoning film,Do not see this film .,moviereview,,
6,Exp1 entire corpus,Depp to star in spy poisoning film,Depp 'to make Litvinenko movie',newsheadline,,
7,Exp1 entire corpus,Depp to star in spy poisoning film,"A film star in Kampala, conjuring aminos ghost",newsheadline,,
8,Exp1 entire corpus,Depp to star in spy poisoning film,It wo n't be long before you 'll spy I Spy at a video store near you .,moviereview,,
9,Exp1 entire corpus,Depp to star in spy poisoning film,It 's like an all-star salute to Disney 's cheesy commercialism .,moviereview,,
10,Exp1 entire corpus,Depp to star in spy poisoning film,Spy-vs .,moviereview,,
11,Exp1 entire corpus,Depp to star in spy poisoning film,"My precious new Star Wars movie is a lumbering , wheezy drag ...",moviereview,,
12,Exp1 entire corpus,Depp to star in spy poisoning film,"The real star of this movie is the score , as in the songs translate well to film , and it 's really well directed .",moviereview,,
13,Exp1 entire corpus,Depp to star in spy poisoning film,A captivating new film .,moviereview,,
14,Exp1 entire corpus,Depp to star in spy poisoning film,A terrific insider look at the star-making machinery of tinseltown .,moviereview,,
15,Exp1 entire corpus,Depp to star in spy poisoning film,Humor in I Spy is so anemic .,moviereview,,
16,Exp1 entire corpus,Depp to star in spy poisoning film,I liked this film a lot ...,moviereview,,
17,Exp1 entire corpus,Depp to star in spy poisoning film,"This Bond film goes off the beaten path , not necessarily for the better .",moviereview,,
18,Exp1 entire corpus,Depp to star in spy poisoning film,"The film 's greatest asset is how much it 's not just another connect-the-dots , spy-on-the-run picture .",moviereview,,
19,Exp1 entire corpus,Depp to star in spy poisoning film,You 'll know a star when you see one .,moviereview,,
20,Exp1 entire corpus,Depp to star in spy poisoning film,He 's Super Spy !,moviereview,,
21,Exp1 entire corpus,Depp to star in spy poisoning film,Star Trek : Nemesis meekly goes where nearly every Star Trek movie has gone before .,moviereview,,
22,Exp1 entire corpus,Depp to star in spy poisoning film,"Strip it of all its excess debris , and you 'd have a 90-minute , four-star movie .",moviereview,,
23,Exp1 entire corpus,Depp to star in spy poisoning film,A four star performance from Kevin Kline who unfortunately works with a two star script .,moviereview,,
24,Exp1 entire corpus,Depp to star in spy poisoning film,Variety: Johnny Depp to make movie of spy poisoning,newsheadline,,
25,Exp1 entire corpus,Depp to star in spy poisoning film,Johnny Depp to make movie of spy poisoning,newsheadline,,
26,Exp1 entire corpus,"Despite its shortcomings , Girls Ca n't Swim represents an engaging and intimate first feature by a talented director to watch , and it 's a worthy entry in the French coming-of-age genre .","But people swim in this, right.",blog,,
27,Exp1 entire corpus,"Despite its shortcomings , Girls Ca n't Swim represents an engaging and intimate first feature by a talented director to watch , and it 's a worthy entry in the French coming-of-age genre .",Its director 's most substantial feature for some time .,moviereview,,
28,Exp1 entire corpus,"Despite its shortcomings , Girls Ca n't Swim represents an engaging and intimate first feature by a talented director to watch , and it 's a worthy entry in the French coming-of-age genre .",Gives an intriguing twist to the French coming-of-age genre .,moviereview,,
29,Exp1 entire corpus,"Despite its shortcomings , Girls Ca n't Swim represents an engaging and intimate first feature by a talented director to watch , and it 's a worthy entry in the French coming-of-age genre .",and `` They 're coming ! '',moviereview,,
30,Exp1 entire corpus,"Despite its shortcomings , Girls Ca n't Swim represents an engaging and intimate first feature by a talented director to watch , and it 's a worthy entry in the French coming-of-age genre .","The powerful success of Read My Lips with such provocative material shows why , after only three films , director/co-writer Jacques Audiard , though little known in this country , belongs in the very top rank of French filmmakers .",moviereview,,
31,Exp1 entire corpus,"Despite its shortcomings , Girls Ca n't Swim represents an engaging and intimate first feature by a talented director to watch , and it 's a worthy entry in the French coming-of-age genre .","a huge disappointment coming , as it does , from filmmakers and performers of this calibre",moviereview,,
32,Exp1 entire corpus,"Despite its shortcomings , Girls Ca n't Swim represents an engaging and intimate first feature by a talented director to watch , and it 's a worthy entry in the French coming-of-age genre .",I 'd rather watch a rerun of The Powerpuff Girls,moviereview,,
33,Exp1 entire corpus,"Despite its shortcomings , Girls Ca n't Swim represents an engaging and intimate first feature by a talented director to watch , and it 's a worthy entry in the French coming-of-age genre .",Over age 15 ?,moviereview,,
34,Exp1 entire corpus,"Despite its shortcomings , Girls Ca n't Swim represents an engaging and intimate first feature by a talented director to watch , and it 's a worthy entry in the French coming-of-age genre .",You're not coming with us.,blog,,
35,Exp1 entire corpus,"Despite its shortcomings , Girls Ca n't Swim represents an engaging and intimate first feature by a talented director to watch , and it 's a worthy entry in the French coming-of-age genre .","A typically observant , carefully nuanced and intimate French coming-of-age film that is an encouraging debut feature but has a needlessly downbeat ending that is too heavy for all that has preceded it .",moviereview,,
36,Exp1 entire corpus,"Despite its shortcomings , Girls Ca n't Swim represents an engaging and intimate first feature by a talented director to watch , and it 's a worthy entry in the French coming-of-age genre .",A worthy entry into a very difficult genre .,moviereview,,
37,Exp1 entire corpus,"Despite its shortcomings , Girls Ca n't Swim represents an engaging and intimate first feature by a talented director to watch , and it 's a worthy entry in the French coming-of-age genre .","Everything about Girls Ca n't Swim , even its passages of sensitive observation , feels secondhand , familiar -- and not in a good way .",moviereview,,
38,Exp1 entire corpus,"Despite its shortcomings , Girls Ca n't Swim represents an engaging and intimate first feature by a talented director to watch , and it 's a worthy entry in the French coming-of-age genre .",Mr. Koshashvili is a director to watch .,moviereview,,
39,Exp1 entire corpus,"Despite its shortcomings , Girls Ca n't Swim represents an engaging and intimate first feature by a talented director to watch , and it 's a worthy entry in the French coming-of-age genre .","Nine Queens is not only than a frighteningly capable debut and genre piece , but also a snapshot of a dangerous political situation on the verge of coming to a head .",moviereview,,
40,Exp1 entire corpus,"Despite its shortcomings , Girls Ca n't Swim represents an engaging and intimate first feature by a talented director to watch , and it 's a worthy entry in the French coming-of-age genre .","It 's immensely ambitious , different than anything that 's been done before and amazingly successful in terms of what it 's trying to do .",moviereview,,
41,Exp1 entire corpus,"Despite its shortcomings , Girls Ca n't Swim represents an engaging and intimate first feature by a talented director to watch , and it 's a worthy entry in the French coming-of-age genre .","The heedless impetuousness of youth is on full , irritating display in -LRB- this -RRB- meandering and pointless French coming-of-age import from writer-director Anne-Sophie Birot .",moviereview,,
42,Exp1 entire corpus,"Despite its shortcomings , Girls Ca n't Swim represents an engaging and intimate first feature by a talented director to watch , and it 's a worthy entry in the French coming-of-age genre .","Doug Liman , the director of Bourne , directs the traffic well , gets a nice wintry look from his locations , absorbs us with the movie 's spycraft and uses Damon 's ability to be focused and sincere .",moviereview,,
43,Exp1 entire corpus,"Despite its shortcomings , Girls Ca n't Swim represents an engaging and intimate first feature by a talented director to watch , and it 's a worthy entry in the French coming-of-age genre .",This New Zealand coming-of-age movie is n't really about anything .,moviereview,,
44,Exp1 entire corpus,"Despite its shortcomings , Girls Ca n't Swim represents an engaging and intimate first feature by a talented director to watch , and it 's a worthy entry in the French coming-of-age genre .",A delightful coming-of-age story .,moviereview,,
45,Exp1 entire corpus,"Despite its shortcomings , Girls Ca n't Swim represents an engaging and intimate first feature by a talented director to watch , and it 's a worthy entry in the French coming-of-age genre .",A grand fart coming from a director beginning to resemble someone 's crazy French grandfather .,moviereview,,
46,Exp1 entire corpus,"Despite its shortcomings , Girls Ca n't Swim represents an engaging and intimate first feature by a talented director to watch , and it 's a worthy entry in the French coming-of-age genre .",An overly melodramatic but somewhat insightful French coming-of-age film ...,moviereview,,
47,Exp1 entire corpus,"Despite its shortcomings , Girls Ca n't Swim represents an engaging and intimate first feature by a talented director to watch , and it 's a worthy entry in the French coming-of-age genre .",Sarkozy letter surprises French cartoons hearing,newsheadline,,
48,Exp1 entire corpus,I invited them in and ended up with lots of pamphlets the book of Mormon.,"i wrote a little bit of my book, but not much.",blog,,
49,Exp1 entire corpus,I invited them in and ended up with lots of pamphlets the book of Mormon.,The only art I have ever been exposed to is the stuff that pretentious college drop-outs create and try to sell by hanging it on the walls for coffee shops.,blog,,
50,Exp1 entire corpus,I invited them in and ended up with lots of pamphlets the book of Mormon.,"Open-ended and composed of layer upon layer , Talk to Her is a cinephile 's feast , an invitation to countless interpretations .",moviereview,,
51,Exp1 entire corpus,I invited them in and ended up with lots of pamphlets the book of Mormon.,My mother was invited too.,blog,,
52,Exp1 entire corpus,I invited them in and ended up with lots of pamphlets the book of Mormon.,"The film was n't preachy , but it was feminism by the book .",moviereview,,
53,Exp1 entire corpus,I invited them in and ended up with lots of pamphlets the book of Mormon.,Oprah announces new book club pick,newsheadline,,
54,Exp1 entire corpus,I invited them in and ended up with lots of pamphlets the book of Mormon.,I can probably pick them up for less than a buck and sell them for lots lots more as long as they work.,blog,,
55,Exp1 entire corpus,I invited them in and ended up with lots of pamphlets the book of Mormon.,Lots of people had sex.,blog,,
56,Exp1 entire corpus,I invited them in and ended up with lots of pamphlets the book of Mormon.,I'm going to finish my book before I go to bed.,blog,,
57,Exp1 entire corpus,I invited them in and ended up with lots of pamphlets the book of Mormon.,You've bragged about the money you've saved at The Christmas Tree Shop You know what a regular coffee is. You actually get these jokes and pass them on to other friends from Massachusetts.,blog,,
58,Exp1 entire corpus,I invited them in and ended up with lots of pamphlets the book of Mormon.,I took lots of photo's.,blog,,
59,Exp1 entire corpus,I invited them in and ended up with lots of pamphlets the book of Mormon.,Lots of shooters.,blog,,
60,Exp1 entire corpus,I invited them in and ended up with lots of pamphlets the book of Mormon.,I an not afraid of having lots of children.,blog,,
61,Exp1 entire corpus,I invited them in and ended up with lots of pamphlets the book of Mormon.,It needs a serious pick up and vacuum.,blog,,
62,Exp1 entire corpus,I invited them in and ended up with lots of pamphlets the book of Mormon.,Interact ended up being a whole ton better than I had expected.,blog,,
63,Exp1 entire corpus,I invited them in and ended up with lots of pamphlets the book of Mormon.,I'm staying with Kristen Ward.,blog,,
64,Exp1 entire corpus,I invited them in and ended up with lots of pamphlets the book of Mormon.,"Despite the pyrotechnics , Narc is strictly by the book .",moviereview,,
65,Exp1 entire corpus,I invited them in and ended up with lots of pamphlets the book of Mormon.,"Oh well, at least we can make it work without lots of time.",blog,,
66,Exp1 entire corpus,I invited them in and ended up with lots of pamphlets the book of Mormon.,Time to book your cruise,newsheadline,,
67,Exp1 entire corpus,I invited them in and ended up with lots of pamphlets the book of Mormon.,The closest to the origanal is Panic!s cover on This is Halloween.,blog,,
68,Exp1 entire corpus,I invited them in and ended up with lots of pamphlets the book of Mormon.,Like being invited to a classy dinner soiree and not knowing anyone .,moviereview,,
69,Exp1 entire corpus,I invited them in and ended up with lots of pamphlets the book of Mormon.,"Earlier this week, Karina had invited me over to her townhouse.",blog,,
70,Exp1 entire corpus,I invited them in and ended up with lots of pamphlets the book of Mormon.,"Unless you come in to the film with a skateboard under your arm , you 're going to feel like you were n't invited to the party .",moviereview,,
71,Exp1 entire corpus,I invited them in and ended up with lots of pamphlets the book of Mormon.,"And It got ruled that it was my vehicles fault not mine, and the I got minimum sentence possible for my ticket.",blog,,
72,Exp1 entire corpus,I invited them in and ended up with lots of pamphlets the book of Mormon.,"It does n't take a rocket scientist to figure out that this is a Mormon family movie , and a sappy , preachy one at that .",moviereview,,
73,Exp1 entire corpus,"I was planning on going to Greece sometime anyway, so we spent three days in Athens, and two and a half in Cyprus.",Planning seen in Iraqi attacks on U.S. copters,newsheadline,,
74,Exp1 entire corpus,"I was planning on going to Greece sometime anyway, so we spent three days in Athens, and two and a half in Cyprus.","Well, my MIL arrived yesterday.",blog,,
75,Exp1 entire corpus,"I was planning on going to Greece sometime anyway, so we spent three days in Athens, and two and a half in Cyprus.","Afterward a solid half-hour afterward, I believe, McCloud could be seen out in the hallway, taking questions from anyone who happened to want to talk to him away from the bustle of his table upstairs.",blog,,
76,Exp1 entire corpus,"I was planning on going to Greece sometime anyway, so we spent three days in Athens, and two and a half in Cyprus.","The sky is so amazing in Greece, it feels like you could really reach up and touch it, it's so close.",blog,,
77,Exp1 entire corpus,"I was planning on going to Greece sometime anyway, so we spent three days in Athens, and two and a half in Cyprus.",Cyprus was amazing.,blog,,
78,Exp1 entire corpus,"I was planning on going to Greece sometime anyway, so we spent three days in Athens, and two and a half in Cyprus.",It should have stayed there .,moviereview,,
79,Exp1 entire corpus,"I was planning on going to Greece sometime anyway, so we spent three days in Athens, and two and a half in Cyprus.","So, that's what I did for like a half an hour.",blog,,
80,Exp1 entire corpus,"I was planning on going to Greece sometime anyway, so we spent three days in Athens, and two and a half in Cyprus.",Tomorrow: Gotta go to MDG for the last time to pick up my paycheck for that week and a half I was there.,blog,,
81,Exp1 entire corpus,"I was planning on going to Greece sometime anyway, so we spent three days in Athens, and two and a half in Cyprus.","Don't sweat it, that's just my perception: I traveled the hour and a half trip down on Saturday with American Hero Chris Mautner he attained that storied status by agreeing to drive, arrived a half-hour after the doors opened, stayed until 5:30, then went right back home.",blog,,
82,Exp1 entire corpus,"I was planning on going to Greece sometime anyway, so we spent three days in Athens, and two and a half in Cyprus.",Yesterday Saturday was spent at Vatican City.,blog,,
83,Exp1 entire corpus,"I was planning on going to Greece sometime anyway, so we spent three days in Athens, and two and a half in Cyprus.",He could EASILY cook his own food - his kitchen probably cost more than half my house.,blog,,
84,Exp1 entire corpus,"I was planning on going to Greece sometime anyway, so we spent three days in Athens, and two and a half in Cyprus.",I only know that it could be anytime within the next 60 days.,blog,,
85,Exp1 entire corpus,"I was planning on going to Greece sometime anyway, so we spent three days in Athens, and two and a half in Cyprus.",But two days back to back was more than enough.,blog,,
86,Exp1 entire corpus,"I was planning on going to Greece sometime anyway, so we spent three days in Athens, and two and a half in Cyprus.",Mbeki: 2010 World Cup Planning on Track,newsheadline,,
87,Exp1 entire corpus,"I was planning on going to Greece sometime anyway, so we spent three days in Athens, and two and a half in Cyprus.",To enter the Museums it was about a two hour wait.,blog,,
88,Exp1 entire corpus,"I was planning on going to Greece sometime anyway, so we spent three days in Athens, and two and a half in Cyprus.","Well, we're half-way through our trip.",blog,,
89,Exp1 entire corpus,"I was planning on going to Greece sometime anyway, so we spent three days in Athens, and two and a half in Cyprus.",Just my books these days.,blog,,
90,Exp1 entire corpus,"I was planning on going to Greece sometime anyway, so we spent three days in Athens, and two and a half in Cyprus.",After returning from Greece my last few weeks in Berlin passed very quickly.,blog,,
91,Exp1 entire corpus,"I was planning on going to Greece sometime anyway, so we spent three days in Athens, and two and a half in Cyprus.",We're planning on staying two nights in Venice.,blog,,
92,Exp1 entire corpus,"I was planning on going to Greece sometime anyway, so we spent three days in Athens, and two and a half in Cyprus.",How else would I keep all these days straight.,blog,,
93,Exp1 entire corpus,"I was planning on going to Greece sometime anyway, so we spent three days in Athens, and two and a half in Cyprus.",Lance and I spent the better part of the next three days lounging around Zurich and drinking in Switzerland.,blog,,
94,Exp1 entire corpus,"I was planning on going to Greece sometime anyway, so we spent three days in Athens, and two and a half in Cyprus.",At least I haven't bought any in about four days.,blog,,
95,Exp1 entire corpus,"I was planning on going to Greece sometime anyway, so we spent three days in Athens, and two and a half in Cyprus.","So, we've now gone over 48 hours without a fridge hate to think what half our food is like in there.",blog,,
96,Exp1 entire corpus,"I was planning on going to Greece sometime anyway, so we spent three days in Athens, and two and a half in Cyprus.",I will get that 5 days and then later on he will still get RnR.,blog,,
97,Exp1 entire corpus,"I was planning on going to Greece sometime anyway, so we spent three days in Athens, and two and a half in Cyprus.",The bell for last hour had already rung and we were talking to a bunch of Ryan's popular football-friends.,blog,,
98,Exp1 entire corpus,Murphys rule box office with 'Norbit',Right now we're on a train traveling from Rome to Florence.,blog,,
99,Exp1 entire corpus,Murphys rule box office with 'Norbit',I than went to Office Max and got two jump drives.,blog,,
100,Exp1 entire corpus,Murphys rule box office with 'Norbit',"And I still rule this town, I'm just a little more mature, a little more with it.",blog,,
101,Exp1 entire corpus,Murphys rule box office with 'Norbit',"When you 've got the wildly popular Vin Diesel in the equation , it adds up to big box office bucks all but guaranteed .",moviereview,,
102,Exp1 entire corpus,Murphys rule box office with 'Norbit',"But in Imax 3-D , the clich's disappear into the vertiginous perspectives opened up by the photography .",moviereview,,
103,Exp1 entire corpus,Murphys rule box office with 'Norbit',Ja Rule and Kurupt should have gotten to rap .,moviereview,,
104,Exp1 entire corpus,Murphys rule box office with 'Norbit',"I believe it was April, and spring had just arrived.",blog,,
105,Exp1 entire corpus,Murphys rule box office with 'Norbit',"Fuzz Pluck in Splitsville #4 of 5 by Ted Stearn surely I can't be the only fan of the mighty Fuzz Pluck; still, I've never seen this in a store, though Fantagraphics had it at their table.",blog,,
106,Exp1 entire corpus,Murphys rule box office with 'Norbit',"I've left my Apollodorus Library of Greek Mythology on my bedside table, having just finished Jason and the Argonauts.",blog,,
107,Exp1 entire corpus,Murphys rule box office with 'Norbit',"J. Lo will earn her share of the holiday box office pie , although this movie makes one thing perfectly clear : She 's a pretty woman , but she 's no working girl .",moviereview,,
108,Exp1 entire corpus,Murphys rule box office with 'Norbit',"I tried to follow Tom's rule of not buying anything on my first trip around the room, but that didn't quite hold.",blog,,
109,Exp1 entire corpus,Murphys rule box office with 'Norbit',Three people have been laid off at the office in the past hour.,blog,,
110,Exp1 entire corpus,Murphys rule box office with 'Norbit',"A huge box-office hit in Korea , Shiri is a must for genre fans .",moviereview,,
111,Exp1 entire corpus,Murphys rule box office with 'Norbit',"Guaranteed to move anyone who ever shook , rattled , or rolled .",moviereview,,
112,Exp1 entire corpus,Murphys rule box office with 'Norbit','Norbit' a waste of Murphy,newsheadline,,
113,Exp1 entire corpus,Murphys rule box office with 'Norbit','Stomp' steps to No. 1 at box office,newsheadline,,
114,Exp1 entire corpus,Murphys rule box office with 'Norbit',The recruiter comes in the office with a look of sadness and disappointment.,blog,,
115,Exp1 entire corpus,Murphys rule box office with 'Norbit',The lady at the post office is starting to laugh at me.  Where am I going to put them all.,blog,,
116,Exp1 entire corpus,Murphys rule box office with 'Norbit',UK characters boosting box office,newsheadline,,
117,Exp1 entire corpus,Murphys rule box office with 'Norbit',Now imagine the condensation from thousands of swamp box coolers pitter pattering on your head as you stroll down the trashy Athens streets.,blog,,
118,Exp1 entire corpus,There are moments in our lives when we find ourselves at a crossroad.,"I dunno, press the button and find out.",blog,,
119,Exp1 entire corpus,There are moments in our lives when we find ourselves at a crossroad.,"i still have moments and all, natrually.",blog,,
120,Exp1 entire corpus,There are moments in our lives when we find ourselves at a crossroad.,"I could probably find a way to swing it, but it would be a little cramped.",blog,,
121,Exp1 entire corpus,There are moments in our lives when we find ourselves at a crossroad.,It 's a solid movie about people whose lives are anything but .,moviereview,,
122,Exp1 entire corpus,There are moments in our lives when we find ourselves at a crossroad.,Many insightful moments .,moviereview,,
123,Exp1 entire corpus,There are moments in our lives when we find ourselves at a crossroad.,Run for your lives !,moviereview,,
124,Exp1 entire corpus,There are moments in our lives when we find ourselves at a crossroad.,There are moments of hilarity to be had .,moviereview,,
125,Exp1 entire corpus,There are moments in our lives when we find ourselves at a crossroad.,Those unfamiliar with Mormon traditions may find The Singles Ward occasionally bewildering .,moviereview,,
126,Exp1 entire corpus,There are moments in our lives when we find ourselves at a crossroad.,The author 's devotees will probably find it fascinating ; others may find it baffling .,moviereview,,
127,Exp1 entire corpus,There are moments in our lives when we find ourselves at a crossroad.,"Oh well, I will find space or have Tim build me some shelves.",blog,,
128,Exp1 entire corpus,There are moments in our lives when we find ourselves at a crossroad.,"I didn't find any, but did find a five-dollar bathing suit.",blog,,
129,Exp1 entire corpus,There are moments in our lives when we find ourselves at a crossroad.,Has its moments -- and almost as many subplots .,moviereview,,
130,Exp1 entire corpus,There are moments in our lives when we find ourselves at a crossroad.,You can actually find your way around Boston.,blog,,
131,Exp1 entire corpus,There are moments in our lives when we find ourselves at a crossroad.,Breakup rings find new homes,newsheadline,,
132,Exp1 entire corpus,There are moments in our lives when we find ourselves at a crossroad.,"Markets do not measure everything accurately, and I find this assumption to be disgusting.",blog,,
133,Exp1 entire corpus,There are moments in our lives when we find ourselves at a crossroad.,Films are made of little moments .,moviereview,,
134,Exp1 entire corpus,There are moments in our lives when we find ourselves at a crossroad.,"The film has -LRB- its -RRB- moments , but they are few and far between .",moviereview,,
135,Exp1 entire corpus,There are moments in our lives when we find ourselves at a crossroad.,Go find someone else to be your bitch.,blog,,
136,Exp1 entire corpus,There are moments in our lives when we find ourselves at a crossroad.,New Yorkers always seem to find the oddest places to dwell ...,moviereview,,
137,Exp1 entire corpus,There are moments in our lives when we find ourselves at a crossroad.,"Captivates as it shows excess in business and pleasure , allowing us to find the small , human moments , and leaving off with a grand whimper .",moviereview,,
138,Exp1 entire corpus,There are moments in our lives when we find ourselves at a crossroad.,Not to mention I find her to be incredibly intimidatingsp.,blog,,
139,Exp1 entire corpus,There are moments in our lives when we find ourselves at a crossroad.,"Is your first thought well, must find a way across.",blog,,
140,Exp1 entire corpus,Vaccine mandate upsets legislators,Celebrities Protest Malibu Gas Facility,newsheadline,,
141,Exp1 entire corpus,Vaccine mandate upsets legislators,Senate votes to revoke pensions,newsheadline,,
142,Exp1 entire corpus,Vaccine mandate upsets legislators,Colombia FM resigns after relatives' arrests for militia links,newsheadline,,
143,Exp1 entire corpus,Vaccine mandate upsets legislators,Vaccines: Mandate or choice?,newsheadline,,
144,Exp1 entire corpus,Vaccine mandate upsets legislators,Minister slams airlines on carbon,newsheadline,,
145,Exp1 entire corpus,Vaccine mandate upsets legislators,Fight starts over HPV vaccine,newsheadline,,
146,Exp1 entire corpus,Vaccine mandate upsets legislators,Putin vows to tackle illegal immigration,newsheadline,,
147,Exp1 entire corpus,Vaccine mandate upsets legislators,Kidnappers seize two in Nigeria,newsheadline,,
148,Exp1 entire corpus,Vaccine mandate upsets legislators,A personal plea for HPV vaccine plan,newsheadline,,
149,Exp1 entire corpus,Vaccine mandate upsets legislators,FDA revises label warnings on the antibiotic Ketek,newsheadline,,
150,Exp1 entire corpus,Vaccine mandate upsets legislators,Deaths linked to flu vaccine,newsheadline,,
151,Exp1 entire corpus,Vaccine mandate upsets legislators,"Sony Hates Europeans, Will Prevent The Importing of PS3",newsheadline,,
152,Exp1 entire corpus,Vaccine mandate upsets legislators,Kentucky wants to ban alcohol inhalers,newsheadline,,
153,Exp1 entire corpus,Vaccine mandate upsets legislators,Flu Vaccine Appears Safe for Young Children,newsheadline,,
154,Exp1 entire corpus,Vaccine mandate upsets legislators,"New vaccine for cervical cancer could prove useful in men, too",newsheadline,,
155,Exp1 entire corpus,Vaccine mandate upsets legislators,"Libby defense upsets judge, rests",newsheadline,,
156,Exp1 entire corpus,Vaccine mandate upsets legislators,Arthurs upsets Robredo in first round at the St. Petersburg Open,newsheadline,,
157,Exp1 entire corpus,Vaccine mandate upsets legislators,Committee debates cancer vaccine plan,newsheadline,,
158,Exp1 entire corpus,Vaccine mandate upsets legislators,Portugal to vote on abortion laws,newsheadline,,
159,Exp1 entire corpus,Vaccine mandate upsets legislators,Bill would strip convicted legislators of pensions,newsheadline,,
160,Exp1 entire corpus,"While Benigni -LRB- who stars and co-wrote -RRB- seems to be having a wonderful time , he might be alone in that .",It 's such a mechanical endeavor -LRB- that -RRB- it never bothers to question why somebody might devote time to see it .,moviereview,,
161,Exp1 entire corpus,"While Benigni -LRB- who stars and co-wrote -RRB- seems to be having a wonderful time , he might be alone in that .",Just a collection of this and that -- whatever fills time -- with no unified whole .,moviereview,,
162,Exp1 entire corpus,"While Benigni -LRB- who stars and co-wrote -RRB- seems to be having a wonderful time , he might be alone in that .",well worth the time .,moviereview,,
163,Exp1 entire corpus,"While Benigni -LRB- who stars and co-wrote -RRB- seems to be having a wonderful time , he might be alone in that .",It 's about time .,moviereview,,
164,Exp1 entire corpus,"While Benigni -LRB- who stars and co-wrote -RRB- seems to be having a wonderful time , he might be alone in that .","i thought a lot about different things and i wrote more than i have in a long, long time.",blog,,
165,Exp1 entire corpus,"While Benigni -LRB- who stars and co-wrote -RRB- seems to be having a wonderful time , he might be alone in that .",wrote.,blog,,
166,Exp1 entire corpus,"While Benigni -LRB- who stars and co-wrote -RRB- seems to be having a wonderful time , he might be alone in that .",it was wonderful to be away from home but it is indeed wonderful to be back.,blog,,
167,Exp1 entire corpus,"While Benigni -LRB- who stars and co-wrote -RRB- seems to be having a wonderful time , he might be alone in that .",Now which one are you most of the time.,blog,,
168,Exp1 entire corpus,"While Benigni -LRB- who stars and co-wrote -RRB- seems to be having a wonderful time , he might be alone in that .","Sound the trumpets : For the first time since Desperately Seeking Susan , Madonna does n't suck as an actress .",moviereview,,
169,Exp1 entire corpus,"While Benigni -LRB- who stars and co-wrote -RRB- seems to be having a wonderful time , he might be alone in that .",Just an average comedic dateflick but not a waste of time .,moviereview,,
170,Exp1 entire corpus,"While Benigni -LRB- who stars and co-wrote -RRB- seems to be having a wonderful time , he might be alone in that .","Just as an example, here's something he wrote.",blog,,
171,Exp1 entire corpus,"While Benigni -LRB- who stars and co-wrote -RRB- seems to be having a wonderful time , he might be alone in that .","A time to relax, be pampered, catch up.",blog,,
172,Exp1 entire corpus,"While Benigni -LRB- who stars and co-wrote -RRB- seems to be having a wonderful time , he might be alone in that .",What could and should have been biting and droll is instead a tepid waste of time and talent .,moviereview,,
173,Exp1 entire corpus,"While Benigni -LRB- who stars and co-wrote -RRB- seems to be having a wonderful time , he might be alone in that .","That, and time.",blog,,
174,Exp1 entire corpus,"While Benigni -LRB- who stars and co-wrote -RRB- seems to be having a wonderful time , he might be alone in that .","i wrote a little bit of my book, but not much.",blog,,
175,Exp1 entire corpus,"While Benigni -LRB- who stars and co-wrote -RRB- seems to be having a wonderful time , he might be alone in that .","Killing time , that 's all that 's going on here .",moviereview,,
176,Exp1 entire corpus,"While Benigni -LRB- who stars and co-wrote -RRB- seems to be having a wonderful time , he might be alone in that .","I admire it and yet can not recommend it , because it overstays its natural running time .",moviereview,,
177,Exp1 entire corpus,"While Benigni -LRB- who stars and co-wrote -RRB- seems to be having a wonderful time , he might be alone in that .",But this time there 's some mold on the gold .,moviereview,,
178,Exp1 entire corpus,"While Benigni -LRB- who stars and co-wrote -RRB- seems to be having a wonderful time , he might be alone in that .",What Time Is It There ?,moviereview,,
179,Exp1 entire corpus,"While Benigni -LRB- who stars and co-wrote -RRB- seems to be having a wonderful time , he might be alone in that .","Preaches to two completely different choirs at the same time , which is a pretty amazing accomplishment .",moviereview,,
180,Exp1 entire corpus,"While Benigni -LRB- who stars and co-wrote -RRB- seems to be having a wonderful time , he might be alone in that .",Maybe it's time to add one more weapon to the arsenal.,blog,,
181,Exp1 entire corpus,"While Benigni -LRB- who stars and co-wrote -RRB- seems to be having a wonderful time , he might be alone in that .",We had a wonderful time.,blog,,
182,Exp1 entire corpus,"You may leave the theater with more questions than answers , but darned if your toes wo n't still be tapping .","Deep down , I realized the harsh reality of my situation : I would leave the theater with a lower I.Q. than when I had entered .",moviereview,,
183,Exp1 entire corpus,"You may leave the theater with more questions than answers , but darned if your toes wo n't still be tapping .",The only excitement comes when the credits finally roll and you get to leave the theater .,moviereview,,
184,Exp1 entire corpus,"You may leave the theater with more questions than answers , but darned if your toes wo n't still be tapping .","A worthwhile documentary , whether you 're into rap or not , even if it may still leave you wanting more answers as the credits roll .",moviereview,,
185,Exp1 entire corpus,"You may leave the theater with more questions than answers , but darned if your toes wo n't still be tapping .",and we come away with the cutest toes ever.,blog,,
186,Exp1 entire corpus,"You may leave the theater with more questions than answers , but darned if your toes wo n't still be tapping .","However, if you are so compelled to do so, please leave your thoughts and comments.",blog,,
187,Exp1 entire corpus,"You may leave the theater with more questions than answers , but darned if your toes wo n't still be tapping .","And , there 's no way you wo n't be talking about the film once you exit the theater .",moviereview,,
188,Exp1 entire corpus,"You may leave the theater with more questions than answers , but darned if your toes wo n't still be tapping .","The film 's real appeal wo n't be to Clooney fans or adventure buffs , but to moviegoers who enjoy thinking about compelling questions with no easy answers .",moviereview,,
189,Exp1 entire corpus,"You may leave the theater with more questions than answers , but darned if your toes wo n't still be tapping .","At the very least , if you do n't know anything about Derrida when you walk into the theater , you wo n't know much more when you leave .",moviereview,,
190,Exp1 entire corpus,"You may leave the theater with more questions than answers , but darned if your toes wo n't still be tapping .",Why spend $ 9 on the same stuff you can get for a buck or so in that greasy little vidgame pit in the theater lobby ?,moviereview,,
191,Exp1 entire corpus,"You may leave the theater with more questions than answers , but darned if your toes wo n't still be tapping .","Pit bulls jump miniature pony, leave her bloody",newsheadline,,
192,Exp1 entire corpus,"You may leave the theater with more questions than answers , but darned if your toes wo n't still be tapping .","Well, I'm not going to leave you alone.",blog,,
193,Exp1 entire corpus,"You may leave the theater with more questions than answers , but darned if your toes wo n't still be tapping .",But it does n't leave you with much .,moviereview,,
194,Exp1 entire corpus,"You may leave the theater with more questions than answers , but darned if your toes wo n't still be tapping .",`` Abandon '' will leave you wanting to abandon the theater .,moviereview,,
195,Exp1 entire corpus,"You may leave the theater with more questions than answers , but darned if your toes wo n't still be tapping .",He was asking all these questions that I was completely baffled by and people were just spouting answers.,blog,,
196,Exp1 entire corpus,"You may leave the theater with more questions than answers , but darned if your toes wo n't still be tapping .","So fiendishly cunning that even the most jaded cinema audiences will leave the auditorium feeling dizzy , confused , and totally disorientated .",moviereview,,
197,Exp1 entire corpus,"You may leave the theater with more questions than answers , but darned if your toes wo n't still be tapping .","Questions, only questions, with no answers.",blog,,
198,Exp1 entire corpus,"You may leave the theater with more questions than answers , but darned if your toes wo n't still be tapping .",where did we leave off.,blog,,
199,Exp1 entire corpus,"You may leave the theater with more questions than answers , but darned if your toes wo n't still be tapping .","Yoga at Ibiza was AWESOME, didn't want to leave.",blog,,
200,Exp1 entire corpus,"You may leave the theater with more questions than answers , but darned if your toes wo n't still be tapping .",Just leave us alone.,blog,,
201,Exp2 100/genre,"An impressive debut for first-time writer-director Mark Romanek , especially considering his background is in music video .","Full of bland hotels , highways , parking lots , with some glimpses of nature and family warmth , Time Out is a discreet moan of despair about entrapment in the maze of modern life .",moviereview,,
202,Exp2 100/genre,"An impressive debut for first-time writer-director Mark Romanek , especially considering his background is in music video .","If I have to choose between gorgeous animation and a lame story -LRB- like , say , Treasure Planet -RRB- or so-so animation and an exciting , clever story with a batch of appealing characters , I 'll take the latter every time .",moviereview,,
203,Exp2 100/genre,"An impressive debut for first-time writer-director Mark Romanek , especially considering his background is in music video .",Director Roger Kumble offers just enough sweet and traditional romantic comedy to counter the crudity .,moviereview,,
204,Exp2 100/genre,"An impressive debut for first-time writer-director Mark Romanek , especially considering his background is in music video .",The work of a filmmaker who has secrets buried at the heart of his story and knows how to take time revealing them .,moviereview,,
205,Exp2 100/genre,"An impressive debut for first-time writer-director Mark Romanek , especially considering his background is in music video .","More timely than its director could ever have dreamed , this quietly lyrical tale probes the ambiguous welcome extended by Iran to the Afghani refugees who streamed across its borders , desperate for work and food .",moviereview,,
206,Exp2 100/genre,"An impressive debut for first-time writer-director Mark Romanek , especially considering his background is in music video .","Alternately hilarious and sad , aggravating and soulful , scathing and joyous .",moviereview,,
207,Exp2 100/genre,"An impressive debut for first-time writer-director Mark Romanek , especially considering his background is in music video .","Although Barbershop boasts some of today 's hottest and hippest acts from the world of television , music and stand-up comedy , this movie strangely enough has the outdated swagger of a shameless ` 70s blaxploitation shuck-and-jive sitcom .",moviereview,,
208,Exp2 100/genre,"An impressive debut for first-time writer-director Mark Romanek , especially considering his background is in music video .",Jacquot 's strategy allows his cast the benefit of being able to give full performances ... while demonstrating vividly that the beauty and power of the opera reside primarily in the music itself .,moviereview,,
209,Exp2 100/genre,"An impressive debut for first-time writer-director Mark Romanek , especially considering his background is in music video .","Though of particular interest to students and enthusiast of international dance and world music , the film is designed to make viewers of all ages , cultural backgrounds and rhythmic ability want to get up and dance .",moviereview,,
210,Exp2 100/genre,"An impressive debut for first-time writer-director Mark Romanek , especially considering his background is in music video .","Human Resources was a good , straightforward tale , but Time Out is better .",moviereview,,
211,Exp2 100/genre,"An impressive debut for first-time writer-director Mark Romanek , especially considering his background is in music video .","The director and her capable cast appear to be caught in a heady whirl of New Age-inspired good intentions , but the spell they cast is n't the least bit mesmerizing .",moviereview,,
212,Exp2 100/genre,Cutting through the clutter to get things done,Ice storm coating Midwest,newsheadline,,
213,Exp2 100/genre,Cutting through the clutter to get things done,Experts issue new heart disease guidelines for women,newsheadline,,
214,Exp2 100/genre,Cutting through the clutter to get things done,Uganda parliament votes to send troops to Somalia,newsheadline,,
215,Exp2 100/genre,Cutting through the clutter to get things done,"Congolese soldiers riot, loot over pay issue",newsheadline,,
216,Exp2 100/genre,Cutting through the clutter to get things done,Howard presses Bush on terror suspect,newsheadline,,
217,Exp2 100/genre,Cutting through the clutter to get things done,Making peace from victory over poverty,newsheadline,,
218,Exp2 100/genre,Cutting through the clutter to get things done,"Super Bowl ads of cartoonish violence, perhaps reflecting toll of war",newsheadline,,
219,Exp2 100/genre,Cutting through the clutter to get things done,US soldiers die in day of violence,newsheadline,,
220,Exp2 100/genre,Cutting through the clutter to get things done,Thailand: missing 25 years after taking wrong bus,newsheadline,,
221,Exp2 100/genre,Cutting through the clutter to get things done,Evacuees can return home after plant blast,newsheadline,,
222,Exp2 100/genre,Cutting through the clutter to get things done,"Iran says Sunnis, using Pakistan as base, planned fatal bombing",newsheadline,,
223,Exp2 100/genre,Cutting through the clutter to get things done,"Women Face Greatest Threat of Violence at Home, Study Finds",newsheadline,,
224,Exp2 100/genre,Cutting through the clutter to get things done,Attorneys point fingers in fight between Ryan O'Neal and son,newsheadline,,
225,Exp2 100/genre,Cutting through the clutter to get things done,High cholesterol raises stroke risk healthy women,newsheadline,,
226,Exp2 100/genre,Cutting through the clutter to get things done,Male sweat boosts women's hormone levels,newsheadline,,
227,Exp2 100/genre,Cutting through the clutter to get things done,Peter Jackson will never work for me again,newsheadline,,
228,Exp2 100/genre,Cutting through the clutter to get things done,Kanishka bombing case: Inquiry judge threatens to quit,newsheadline,,
229,Exp2 100/genre,Cutting through the clutter to get things done,Police and shoppers targeted in growing Iraq violence,newsheadline,,
230,Exp2 100/genre,"Even these tales of just seven children seem at times too many , although in reality they are not enough .",Ms. Hutchins is talented enough and charismatic enough to make us care about Zelda 's ultimate fate .,moviereview,,
231,Exp2 100/genre,"Even these tales of just seven children seem at times too many , although in reality they are not enough .","At 90 minutes this movie is short , but it feels much longer .",moviereview,,
232,Exp2 100/genre,"Even these tales of just seven children seem at times too many , although in reality they are not enough .",A late-night cable sexploitation romp masquerading as a thriller about the ruthless social order that governs college cliques .,moviereview,,
233,Exp2 100/genre,"Even these tales of just seven children seem at times too many , although in reality they are not enough .",I watched the brainless insanity of No Such Thing with mounting disbelief .,moviereview,,
234,Exp2 100/genre,"Even these tales of just seven children seem at times too many , although in reality they are not enough .","The acting in Pauline And Paulette is good all round , but what really sets the film apart is Debrauwer 's refusal to push the easy emotional buttons .",moviereview,,
235,Exp2 100/genre,"Even these tales of just seven children seem at times too many , although in reality they are not enough .","... generically , forgettably pleasant from start to finish .",moviereview,,
236,Exp2 100/genre,"Even these tales of just seven children seem at times too many , although in reality they are not enough .","If I have to choose between gorgeous animation and a lame story -LRB- like , say , Treasure Planet -RRB- or so-so animation and an exciting , clever story with a batch of appealing characters , I 'll take the latter every time .",moviereview,,
237,Exp2 100/genre,"Even these tales of just seven children seem at times too many , although in reality they are not enough .","It 's not that Waiting For Happiness is a bad film , because it is n't .",moviereview,,
238,Exp2 100/genre,"Even these tales of just seven children seem at times too many , although in reality they are not enough .",A spiffy animated feature about an unruly adolescent boy who is yearning for adventure and a chance to prove his worth .,moviereview,,
239,Exp2 100/genre,"Even these tales of just seven children seem at times too many , although in reality they are not enough .",Vera 's technical prowess ends up selling his film short ; he smoothes over hard truths even as he uncovers them .,moviereview,,
240,Exp2 100/genre,"Even these tales of just seven children seem at times too many , although in reality they are not enough .",Fessenden 's narrative is just as much about the ownership and redefinition of myth as it is about a domestic unit finding their way to joy .,moviereview,,
241,Exp2 100/genre,"Even these tales of just seven children seem at times too many , although in reality they are not enough .","This is an ungainly movie , ill-fitting , with its elbows sticking out where the knees should be .",moviereview,,
242,Exp2 100/genre,"Even these tales of just seven children seem at times too many , although in reality they are not enough .","Although Barbershop boasts some of today 's hottest and hippest acts from the world of television , music and stand-up comedy , this movie strangely enough has the outdated swagger of a shameless ` 70s blaxploitation shuck-and-jive sitcom .",moviereview,,
243,Exp2 100/genre,"Even these tales of just seven children seem at times too many , although in reality they are not enough .","... routine , harmless diversion and little else .",moviereview,,
244,Exp2 100/genre,"Even these tales of just seven children seem at times too many , although in reality they are not enough .",The overall effect is less like a children 's movie than a recruitment film for future Hollywood sellouts .,moviereview,,
245,Exp2 100/genre,"Even these tales of just seven children seem at times too many , although in reality they are not enough .","To the film 's credit , the acting is fresh and unselfconscious , and Munch is a marvel of reality versus sappy sentiment .",moviereview,,
246,Exp2 100/genre,"Even these tales of just seven children seem at times too many , although in reality they are not enough .",One of those films that seems tailor made to air on pay cable to offer some modest amusements when one has nothing else to watch .,moviereview,,
247,Exp2 100/genre,"Even these tales of just seven children seem at times too many , although in reality they are not enough .",Fairly run-of-the-mill .,moviereview,,
248,Exp2 100/genre,I struggle with the Catholic concept of baptism being a gift we give infants because it is God's gift to us.,"The city really is like a human being, especially in the morning as you watch and hear it begin to awaken.",blog,,
249,Exp2 100/genre,I struggle with the Catholic concept of baptism being a gift we give infants because it is God's gift to us.,Something has to happen SOON.,blog,,
250,Exp2 100/genre,I struggle with the Catholic concept of baptism being a gift we give infants because it is God's gift to us.,"The hordes of people would change from day to day, for instance there was a three day period where we had over 90,000 Swedes in the city, leading up to their dramatic defeat at the hands of Zeh Germans.",blog,,
251,Exp2 100/genre,I struggle with the Catholic concept of baptism being a gift we give infants because it is God's gift to us.,"In fact the entire month of June was one continuous debate in the media between prominent politicians, celebrities, writers such as Guenther Grass and Christa Wolf, and other intellectuals about the meaning, origin and impact of this nationalism.",blog,,
252,Exp2 100/genre,I struggle with the Catholic concept of baptism being a gift we give infants because it is God's gift to us.,I'm starting to fray at the ends- the next step is to break- somethings gotta give and I'm pulling with all my might to keep everything together.,blog,,
253,Exp2 100/genre,I struggle with the Catholic concept of baptism being a gift we give infants because it is God's gift to us.,But in order to recieve the blessing we must first realize that our emotions are always connected to a need being met or unmet.,blog,,
254,Exp2 100/genre,I struggle with the Catholic concept of baptism being a gift we give infants because it is God's gift to us.,"Its really a testament to the vision of the ancients that in our world of skyscrapers and technical gadgetry, we are still fascinated by a two thousand year-old arrangement of stones.",blog,,
255,Exp2 100/genre,I struggle with the Catholic concept of baptism being a gift we give infants because it is God's gift to us.,"I'm worried that too many people, both in politics and out, don't appreciate the seriousness of the threat to American security and the evil of the enemy that faces us, Mr. Lieberman said at the Waterbury event.",blog,,
256,Exp2 100/genre,I struggle with the Catholic concept of baptism being a gift we give infants because it is God's gift to us.,At one point I apologized for being so nervous and they told me that there were people a lot worse and that I wasn't using the words uh and um as often as others had been.,blog,,
257,Exp2 100/genre,I struggle with the Catholic concept of baptism being a gift we give infants because it is God's gift to us.,It means I have some tough choices to make.,blog,,
258,Exp2 100/genre,I struggle with the Catholic concept of baptism being a gift we give infants because it is God's gift to us.,"When I imagine the rituals of others, things like a daily, morning run something hard for me to fathom, I admit, meditation, feeding the ducks on Thursdays, after-dinner strolls with your family, poker night, date night.",blog,,
259,Exp2 100/genre,I struggle with the Catholic concept of baptism being a gift we give infants because it is God's gift to us.,"then he calls again and, knowing that's the international sign for pick up the frickin' phone, i picked it up thinkin' there was something wrong with him.",blog,,
260,Exp2 100/genre,I struggle with the Catholic concept of baptism being a gift we give infants because it is God's gift to us.,"ok, so do me a favor.",blog,,
261,Exp2 100/genre,I struggle with the Catholic concept of baptism being a gift we give infants because it is God's gift to us.,"i don't want to burn any bridges, incase i've crossed the wrong one.",blog,,
262,Exp2 100/genre,I struggle with the Catholic concept of baptism being a gift we give infants because it is God's gift to us.,"You build friendships as fortifications against getting too old too fast, but sometimes life just catches up with you regardless of your efforts.",blog,,
263,Exp2 100/genre,I struggle with the Catholic concept of baptism being a gift we give infants because it is God's gift to us.,"I can live with that, I wish I had something to do though._.; I feel lonely.",blog,,
264,Exp2 100/genre,I struggle with the Catholic concept of baptism being a gift we give infants because it is God's gift to us.,Love you.,blog,,
265,Exp2 100/genre,I struggle with the Catholic concept of baptism being a gift we give infants because it is God's gift to us.,"While I have no doubt whatsoever that my equipment is clean and disease free I devote at least as much attention to cleaning that as I do my hands; any women dating these boys should be weary of the possible filth that probably accompanies sexual relations with him if he can't even take care of his hands, I cannot say the same for others, and cannot vouch for where their hands have been prior to touching the same surfaces that I have, such as the toilet seat, flush lever, and door handles.",blog,,
266,Exp2 100/genre,"I wanted to leave at intermission, but my date was really enjoying it should have been a sign so we stayed.",Then she proceeded to call me Meghan** and went through the required but hilariously inapplicable hazardous chemicals/safety concerns set of questions while the interns around me tried to stifle their laughter.,blog,,
267,Exp2 100/genre,"I wanted to leave at intermission, but my date was really enjoying it should have been a sign so we stayed.",Something has to happen SOON.,blog,,
268,Exp2 100/genre,"I wanted to leave at intermission, but my date was really enjoying it should have been a sign so we stayed.","The city really is like a human being, especially in the morning as you watch and hear it begin to awaken.",blog,,
269,Exp2 100/genre,"I wanted to leave at intermission, but my date was really enjoying it should have been a sign so we stayed.","I can live with that, I wish I had something to do though._.; I feel lonely.",blog,,
270,Exp2 100/genre,"I wanted to leave at intermission, but my date was really enjoying it should have been a sign so we stayed.","In fact the entire month of June was one continuous debate in the media between prominent politicians, celebrities, writers such as Guenther Grass and Christa Wolf, and other intellectuals about the meaning, origin and impact of this nationalism.",blog,,
271,Exp2 100/genre,"I wanted to leave at intermission, but my date was really enjoying it should have been a sign so we stayed.",Love you.,blog,,
272,Exp2 100/genre,"I wanted to leave at intermission, but my date was really enjoying it should have been a sign so we stayed.","i don't want to burn any bridges, incase i've crossed the wrong one.",blog,,
273,Exp2 100/genre,"I wanted to leave at intermission, but my date was really enjoying it should have been a sign so we stayed.","ok, so do me a favor.",blog,,
274,Exp2 100/genre,"I wanted to leave at intermission, but my date was really enjoying it should have been a sign so we stayed.",i leave for london in NINE DAYS.,blog,,
275,Exp2 100/genre,"I wanted to leave at intermission, but my date was really enjoying it should have been a sign so we stayed.","You build friendships as fortifications against getting too old too fast, but sometimes life just catches up with you regardless of your efforts.",blog,,
276,Exp2 100/genre,"I wanted to leave at intermission, but my date was really enjoying it should have been a sign so we stayed.","then he calls again and, knowing that's the international sign for pick up the frickin' phone, i picked it up thinkin' there was something wrong with him.",blog,,
277,Exp2 100/genre,"I wanted to leave at intermission, but my date was really enjoying it should have been a sign so we stayed.","When I imagine the rituals of others, things like a daily, morning run something hard for me to fathom, I admit, meditation, feeding the ducks on Thursdays, after-dinner strolls with your family, poker night, date night.",blog,,
278,Exp2 100/genre,"I wanted to leave at intermission, but my date was really enjoying it should have been a sign so we stayed.","Its really a testament to the vision of the ancients that in our world of skyscrapers and technical gadgetry, we are still fascinated by a two thousand year-old arrangement of stones.",blog,,
279,Exp2 100/genre,"I wanted to leave at intermission, but my date was really enjoying it should have been a sign so we stayed.","The hordes of people would change from day to day, for instance there was a three day period where we had over 90,000 Swedes in the city, leading up to their dramatic defeat at the hands of Zeh Germans.",blog,,
280,Exp2 100/genre,"I wanted to leave at intermission, but my date was really enjoying it should have been a sign so we stayed.","While I have no doubt whatsoever that my equipment is clean and disease free I devote at least as much attention to cleaning that as I do my hands; any women dating these boys should be weary of the possible filth that probably accompanies sexual relations with him if he can't even take care of his hands, I cannot say the same for others, and cannot vouch for where their hands have been prior to touching the same surfaces that I have, such as the toilet seat, flush lever, and door handles.",blog,,
281,Exp2 100/genre,"I wanted to leave at intermission, but my date was really enjoying it should have been a sign so we stayed.",At one point I apologized for being so nervous and they told me that there were people a lot worse and that I wasn't using the words uh and um as often as others had been.,blog,,
282,Exp2 100/genre,"I wanted to leave at intermission, but my date was really enjoying it should have been a sign so we stayed.","I can't find any good images of the weird displays, so to view some you have to look here at the International Body Worlds Online Store.",blog,,
283,Exp2 100/genre,"Napping is good for your heart, study finds","Congolese soldiers riot, loot over pay issue",newsheadline,,
284,Exp2 100/genre,"Napping is good for your heart, study finds","Super Bowl ads of cartoonish violence, perhaps reflecting toll of war",newsheadline,,
285,Exp2 100/genre,"Napping is good for your heart, study finds",Experts issue new heart disease guidelines for women,newsheadline,,
286,Exp2 100/genre,"Napping is good for your heart, study finds",Sudan tells United Nations envoy to leave in 72 hours,newsheadline,,
287,Exp2 100/genre,"Napping is good for your heart, study finds",US soldiers die in day of violence,newsheadline,,
288,Exp2 100/genre,"Napping is good for your heart, study finds",Uganda parliament votes to send troops to Somalia,newsheadline,,
289,Exp2 100/genre,"Napping is good for your heart, study finds",Stanford study warns of Internet addiction,newsheadline,,
290,Exp2 100/genre,"Napping is good for your heart, study finds",Thailand: missing 25 years after taking wrong bus,newsheadline,,
291,Exp2 100/genre,"Napping is good for your heart, study finds",Study: men's sweat triggers high sexual arousal in women,newsheadline,,
292,Exp2 100/genre,"Napping is good for your heart, study finds",Male sweat boosts women's hormone levels,newsheadline,,
293,Exp2 100/genre,"Napping is good for your heart, study finds","Women Face Greatest Threat of Violence at Home, Study Finds",newsheadline,,
294,Exp2 100/genre,"Napping is good for your heart, study finds","Bush Insists Troops Stay in Iraq, Predicts Midterm Victory",newsheadline,,
295,Exp2 100/genre,"Napping is good for your heart, study finds",Making peace from victory over poverty,newsheadline,,
296,Exp2 100/genre,"Napping is good for your heart, study finds",Cholesterol link in diabetes study,newsheadline,,
297,Exp2 100/genre,"Napping is good for your heart, study finds",Ice storm coating Midwest,newsheadline,,
298,Exp2 100/genre,"Napping is good for your heart, study finds",Police and shoppers targeted in growing Iraq violence,newsheadline,,
299,Exp2 100/genre,North Korea gets money and respect,Police and shoppers targeted in growing Iraq violence,newsheadline,,
300,Exp2 100/genre,North Korea gets money and respect,"Women Face Greatest Threat of Violence at Home, Study Finds",newsheadline,,
301,Exp2 100/genre,North Korea gets money and respect,"Bush Insists Troops Stay in Iraq, Predicts Midterm Victory",newsheadline,,
302,Exp2 100/genre,North Korea gets money and respect,Republicans plan to block Iraq debate,newsheadline,,
303,Exp2 100/genre,North Korea gets money and respect,North Korea aid demand stall talks,newsheadline,,
304,Exp2 100/genre,North Korea gets money and respect,High cholesterol raises stroke risk healthy women,newsheadline,,
305,Exp2 100/genre,North Korea gets money and respect,Ice storm coating Midwest,newsheadline,,
306,Exp2 100/genre,North Korea gets money and respect,Study: men's sweat triggers high sexual arousal in women,newsheadline,,
307,Exp2 100/genre,North Korea gets money and respect,Iraq closes borders with Syria and Iran,newsheadline,,
308,Exp2 100/genre,North Korea gets money and respect,Howard presses Bush on terror suspect,newsheadline,,
309,Exp2 100/genre,North Korea gets money and respect,Experts issue new heart disease guidelines for women,newsheadline,,
310,Exp2 100/genre,North Korea gets money and respect,Thailand: missing 25 years after taking wrong bus,newsheadline,,
311,Exp2 100/genre,North Korea gets money and respect,"Congolese soldiers riot, loot over pay issue",newsheadline,,
312,Exp2 100/genre,North Korea gets money and respect,"Super Bowl ads of cartoonish violence, perhaps reflecting toll of war",newsheadline,,
313,Exp2 100/genre,North Korea gets money and respect,Male sweat boosts women's hormone levels,newsheadline,,
314,Exp2 100/genre,North Korea gets money and respect,Peter Jackson will never work for me again,newsheadline,,
315,Exp2 100/genre,North Korea gets money and respect,"Allied with democrats, Lieberman easily aligns with Republicans",newsheadline,,
316,Exp2 100/genre,North Korea gets money and respect,Bad weather slows S.Korean search for Russian ship,newsheadline,,
317,Exp2 100/genre,North Korea gets money and respect,Making peace from victory over poverty,newsheadline,,
318,Exp2 100/genre,One of those films that seems tailor made to air on pay cable to offer some modest amusements when one has nothing else to watch .,"Some fine acting , but ultimately a movie with no reason for being .",moviereview,,
319,Exp2 100/genre,One of those films that seems tailor made to air on pay cable to offer some modest amusements when one has nothing else to watch .,A late-night cable sexploitation romp masquerading as a thriller about the ruthless social order that governs college cliques .,moviereview,,
320,Exp2 100/genre,One of those films that seems tailor made to air on pay cable to offer some modest amusements when one has nothing else to watch .,"Though of particular interest to students and enthusiast of international dance and world music , the film is designed to make viewers of all ages , cultural backgrounds and rhythmic ability want to get up and dance .",moviereview,,
321,Exp2 100/genre,One of those films that seems tailor made to air on pay cable to offer some modest amusements when one has nothing else to watch .,"The acting in Pauline And Paulette is good all round , but what really sets the film apart is Debrauwer 's refusal to push the easy emotional buttons .",moviereview,,
322,Exp2 100/genre,One of those films that seems tailor made to air on pay cable to offer some modest amusements when one has nothing else to watch .,"This is an ungainly movie , ill-fitting , with its elbows sticking out where the knees should be .",moviereview,,
323,Exp2 100/genre,One of those films that seems tailor made to air on pay cable to offer some modest amusements when one has nothing else to watch .,I watched the brainless insanity of No Such Thing with mounting disbelief .,moviereview,,
324,Exp2 100/genre,One of those films that seems tailor made to air on pay cable to offer some modest amusements when one has nothing else to watch .,Ms. Hutchins is talented enough and charismatic enough to make us care about Zelda 's ultimate fate .,moviereview,,
325,Exp2 100/genre,One of those films that seems tailor made to air on pay cable to offer some modest amusements when one has nothing else to watch .,A spiffy animated feature about an unruly adolescent boy who is yearning for adventure and a chance to prove his worth .,moviereview,,
326,Exp2 100/genre,One of those films that seems tailor made to air on pay cable to offer some modest amusements when one has nothing else to watch .,"The director and her capable cast appear to be caught in a heady whirl of New Age-inspired good intentions , but the spell they cast is n't the least bit mesmerizing .",moviereview,,
327,Exp2 100/genre,One of those films that seems tailor made to air on pay cable to offer some modest amusements when one has nothing else to watch .,"Although Barbershop boasts some of today 's hottest and hippest acts from the world of television , music and stand-up comedy , this movie strangely enough has the outdated swagger of a shameless ` 70s blaxploitation shuck-and-jive sitcom .",moviereview,,
328,Exp2 100/genre,One of those films that seems tailor made to air on pay cable to offer some modest amusements when one has nothing else to watch .,"Like many Western action films , this thriller is too loud and thoroughly overbearing , but its heartfelt concern about North Korea 's recent past and South Korea 's future adds a much needed moral weight .",moviereview,,
329,Exp2 100/genre,One of those films that seems tailor made to air on pay cable to offer some modest amusements when one has nothing else to watch .,The film ... presents classic moral-condundrum drama : What would you have done to survive ?,moviereview,,
330,Exp2 100/genre,One of those films that seems tailor made to air on pay cable to offer some modest amusements when one has nothing else to watch .,Fessenden 's narrative is just as much about the ownership and redefinition of myth as it is about a domestic unit finding their way to joy .,moviereview,,
331,Exp2 100/genre,One of those films that seems tailor made to air on pay cable to offer some modest amusements when one has nothing else to watch .,Jacquot 's strategy allows his cast the benefit of being able to give full performances ... while demonstrating vividly that the beauty and power of the opera reside primarily in the music itself .,moviereview,,
332,Exp2 100/genre,One of those films that seems tailor made to air on pay cable to offer some modest amusements when one has nothing else to watch .,"If I have to choose between gorgeous animation and a lame story -LRB- like , say , Treasure Planet -RRB- or so-so animation and an exciting , clever story with a batch of appealing characters , I 'll take the latter every time .",moviereview,,
333,Exp2 100/genre,One of those films that seems tailor made to air on pay cable to offer some modest amusements when one has nothing else to watch .,Fairly run-of-the-mill .,moviereview,,
334,Exp2 100/genre,One of those films that seems tailor made to air on pay cable to offer some modest amusements when one has nothing else to watch .,"Even these tales of just seven children seem at times too many , although in reality they are not enough .",moviereview,,
335,Exp2 100/genre,One of those films that seems tailor made to air on pay cable to offer some modest amusements when one has nothing else to watch .,"... routine , harmless diversion and little else .",moviereview,,
336,Exp2 100/genre,One of those films that seems tailor made to air on pay cable to offer some modest amusements when one has nothing else to watch .,"... generically , forgettably pleasant from start to finish .",moviereview,,
337,Exp2 100/genre,"You build friendships as fortifications against getting too old too fast, but sometimes life just catches up with you regardless of your efforts.",It means I have some tough choices to make.,blog,,
338,Exp2 100/genre,"You build friendships as fortifications against getting too old too fast, but sometimes life just catches up with you regardless of your efforts.","When I imagine the rituals of others, things like a daily, morning run something hard for me to fathom, I admit, meditation, feeding the ducks on Thursdays, after-dinner strolls with your family, poker night, date night.",blog,,
339,Exp2 100/genre,"You build friendships as fortifications against getting too old too fast, but sometimes life just catches up with you regardless of your efforts.","The city really is like a human being, especially in the morning as you watch and hear it begin to awaken.",blog,,
340,Exp2 100/genre,"You build friendships as fortifications against getting too old too fast, but sometimes life just catches up with you regardless of your efforts.","In fact the entire month of June was one continuous debate in the media between prominent politicians, celebrities, writers such as Guenther Grass and Christa Wolf, and other intellectuals about the meaning, origin and impact of this nationalism.",blog,,
341,Exp2 100/genre,"You build friendships as fortifications against getting too old too fast, but sometimes life just catches up with you regardless of your efforts.","then he calls again and, knowing that's the international sign for pick up the frickin' phone, i picked it up thinkin' there was something wrong with him.",blog,,
342,Exp2 100/genre,"You build friendships as fortifications against getting too old too fast, but sometimes life just catches up with you regardless of your efforts.","i don't want to burn any bridges, incase i've crossed the wrong one.",blog,,
343,Exp2 100/genre,"You build friendships as fortifications against getting too old too fast, but sometimes life just catches up with you regardless of your efforts.",I realized that my life belongs to me.  Fuck the bullshit.,blog,,
344,Exp2 100/genre,"You build friendships as fortifications against getting too old too fast, but sometimes life just catches up with you regardless of your efforts.","While I have no doubt whatsoever that my equipment is clean and disease free I devote at least as much attention to cleaning that as I do my hands; any women dating these boys should be weary of the possible filth that probably accompanies sexual relations with him if he can't even take care of his hands, I cannot say the same for others, and cannot vouch for where their hands have been prior to touching the same surfaces that I have, such as the toilet seat, flush lever, and door handles.",blog,,
345,Exp2 100/genre,"You build friendships as fortifications against getting too old too fast, but sometimes life just catches up with you regardless of your efforts.","I'm worried that too many people, both in politics and out, don't appreciate the seriousness of the threat to American security and the evil of the enemy that faces us, Mr. Lieberman said at the Waterbury event.",blog,,
346,Exp2 100/genre,"You build friendships as fortifications against getting too old too fast, but sometimes life just catches up with you regardless of your efforts.",But in order to recieve the blessing we must first realize that our emotions are always connected to a need being met or unmet.,blog,,
347,Exp2 100/genre,"You build friendships as fortifications against getting too old too fast, but sometimes life just catches up with you regardless of your efforts.","Oh well, I will find space or have Tim build me some shelves.",blog,,
348,Exp2 100/genre,"You build friendships as fortifications against getting too old too fast, but sometimes life just catches up with you regardless of your efforts.",Love you.,blog,,
349,Exp2 100/genre,"You build friendships as fortifications against getting too old too fast, but sometimes life just catches up with you regardless of your efforts.","The hordes of people would change from day to day, for instance there was a three day period where we had over 90,000 Swedes in the city, leading up to their dramatic defeat at the hands of Zeh Germans.",blog,,
350,Exp2 100/genre,"You build friendships as fortifications against getting too old too fast, but sometimes life just catches up with you regardless of your efforts.","I can live with that, I wish I had something to do though._.; I feel lonely.",blog,,
351,Exp2 100/genre,"You build friendships as fortifications against getting too old too fast, but sometimes life just catches up with you regardless of your efforts.",Something has to happen SOON.,blog,,
352,Exp2 100/genre,"You build friendships as fortifications against getting too old too fast, but sometimes life just catches up with you regardless of your efforts.","There are all sorts of mini-rituals that go into this regular event, including the collection of picnic dinner items and the precision methodology by which one gets the perfect spot on the lawn.",blog,,
353,Exp2 100/genre,"You build friendships as fortifications against getting too old too fast, but sometimes life just catches up with you regardless of your efforts.",they had to be stupid terrorists and think in their fundementalist clouded minds that they'd change the world.,blog,,
354,Exp2 100/genre,"You build friendships as fortifications against getting too old too fast, but sometimes life just catches up with you regardless of your efforts.","ok, so do me a favor.",blog,,
