,one-hot,tf-idf,word2vec,GloVe (pretrained)
same-genre@10,"0.571 [0.552, 0.591]","0.577 [0.560, 0.594]","0.622 [0.602, 0.644]","0.662 [0.640, 0.683]"
genre lift@10,"2.839 [2.656, 3.017]","2.992 [2.816, 3.168]","3.316 [3.096, 3.525]","3.420 [3.192, 3.641]"
polarity lift (genre-adj.),"1.090 [1.036, 1.148]","1.162 [1.105, 1.219]","1.162 [1.114, 1.211]","1.319 [1.265, 1.371]"
movie-review sentiment agreement,"0.602 [0.567, 0.635]","0.636 [0.604, 0.669]","0.576 [0.548, 0.604]","0.605 [0.577, 0.632]"
emotion lift (genre-adj.),"1.259 [1.217, 1.303]","1.267 [1.228, 1.310]","1.155 [1.123, 1.189]","1.210 [1.173, 1.251]"
word overlap (Jaccard),"0.160 [0.156, 0.164]","0.149 [0.145, 0.152]","0.079 [0.075, 0.083]","0.058 [0.055, 0.062]"
results sharing no word,"0.007 [0.003, 0.011]","0.007 [0.003, 0.011]","0.331 [0.306, 0.355]","0.533 [0.516, 0.552]"
GloVe-judge relatedness,"0.579 [0.566, 0.591]","0.600 [0.587, 0.612]","0.286 [0.259, 0.312]",1 (reference)
rank-10 tie rate,"0.783 [0.757, 0.808]","0.080 [0.064, 0.099]","0.006 [0.001, 0.011]","0.012 [0.006, 0.020]"
